序号,平台,内容类型,标题,正文,标签,时长/建议,发布提示
1,小红书,图文笔记,🔥 震惊！内容居然可以这样用,以某美妆品牌为例，使用AI内容矩阵后，月度内容产出从200条提升到2000条，运营团队从5人缩减到2人，获客成本降低了65%\n\n────────────────────\n#内容 #内容矩 #内容矩阵 #品牌 #数据 #干货分享 #效率工具\n\n💬 觉得有用就点赞收藏吧～,"内容, 内容矩, 内容矩阵, 品牌, 数据, 干货分享, 效率工具",,配图建议：数据对比图/操作截图/效果展示
2,小红书,图文笔记,💡 震惊！内容居然可以这样用,数据显示，抖音日活用户突破8亿，小红书月活超过3亿，B站月活达到2.5亿\n\n────────────────────\n#内容 #内容矩 #内容矩阵 #品牌 #数据 #干货分享 #效率工具\n\n💬 觉得有用就点赞收藏吧～,"内容, 内容矩, 内容矩阵, 品牌, 数据, 干货分享, 效率工具",,配图建议：数据对比图/操作截图/效果展示
3,小红书,图文笔记,✨ 别再手动做了！内容帮你省80%时间,未来，内容矩阵将成为每个新媒体团队的标配工具，就像今天的剪映和Canva一样普及\n\n────────────────────\n#内容 #内容矩 #内容矩阵 #品牌 #数据 #干货分享 #效率工具\n\n💬 觉得有用就点赞收藏吧～,"内容, 内容矩, 内容矩阵, 品牌, 数据, 干货分享, 效率工具",,配图建议：数据对比图/操作截图/效果展示
4,小红书,图文笔记,🎯 震惊！内容居然可以这样用,AI内容矩阵工具的出现，彻底改变了这一局面\n\n────────────────────\n#内容 #内容矩 #内容矩阵 #品牌 #数据 #干货分享 #效率工具\n\n💬 觉得有用就点赞收藏吧～,"内容, 内容矩, 内容矩阵, 品牌, 数据, 干货分享, 效率工具",,配图建议：数据对比图/操作截图/效果展示
5,小红书,图文笔记,💪 99%的人不知道的内容秘密,然而，大多数品牌面临一个共同的痛点：内容生产效率太低\n\n────────────────────\n#内容 #内容矩 #内容矩阵 #品牌 #数据 #干货分享 #效率工具\n\n💬 觉得有用就点赞收藏吧～,"内容, 内容矩, 内容矩阵, 品牌, 数据, 干货分享, 效率工具",,配图建议：数据对比图/操作截图/效果展示
6,抖音,短视频脚本,3分钟学会内容，从入门到精通,【黄金3秒】\n你敢信？一个5人的新媒体团队，每天最多产出10条内容，远远无法满足多！\n\n【正文 - 15秒】\n以某美妆品牌为例，使用AI内容矩阵后，月度内容产出从200条提升到2000条，运营团队从5人缩减到2人，获客成本降低了65%\n\n【转折/高潮 - 10秒】\n很多人不知道这个方法，但用过的都说好！\n\n【结尾CTA - 5秒】\n关注我，每天分享内容技巧！\n点赞收藏，下次用得上～\n\n#内容 #内容矩 #内容矩阵,"内容, 内容矩, 内容矩阵",30-45秒,拍摄建议：真人出镜+屏幕录制，前3秒必须抓眼球
7,抖音,短视频脚本,3分钟学会内容，从入门到精通,【黄金3秒】\n你敢信？数据显示，抖音日活用户突破8亿，小红书月活超过3亿，B站月活！\n\n【正文 - 15秒】\n数据显示，抖音日活用户突破8亿，小红书月活超过3亿，B站月活达到2.5亿\n\n【转折/高潮 - 10秒】\n很多人不知道这个方法，但用过的都说好！\n\n【结尾CTA - 5秒】\n关注我，每天分享内容技巧！\n点赞收藏，下次用得上～\n\n#内容 #内容矩 #内容矩阵,"内容, 内容矩, 内容矩阵",30-45秒,拍摄建议：真人出镜+屏幕录制，前3秒必须抓眼球
8,抖音,短视频脚本,用内容1周产出100条内容的方法,【黄金3秒】\n家人们，这个方法真的绝了！\n\n【正文 - 15秒】\n未来，内容矩阵将成为每个新媒体团队的标配工具，就像今天的剪映和Canva一样普及\n\n【转折/高潮 - 10秒】\n很多人不知道这个方法，但用过的都说好！\n\n【结尾CTA - 5秒】\n关注我，每天分享内容技巧！\n点赞收藏，下次用得上～\n\n#内容 #内容矩 #内容矩阵,"内容, 内容矩, 内容矩阵",30-45秒,拍摄建议：真人出镜+屏幕录制，前3秒必须抓眼球
9,抖音,短视频脚本,掌握这3点，内容效率提升10倍,【黄金3秒】\n家人们，这个方法真的绝了！\n\n【正文 - 15秒】\nAI内容矩阵工具的出现，彻底改变了这一局面\n\n【转折/高潮 - 10秒】\n很多人不知道这个方法，但用过的都说好！\n\n【结尾CTA - 5秒】\n关注我，每天分享内容技巧！\n点赞收藏，下次用得上～\n\n#内容 #内容矩 #内容矩阵,"内容, 内容矩, 内容矩阵",30-45秒,拍摄建议：真人出镜+屏幕录制，前3秒必须抓眼球
10,B站,知识视频,如何用内容实现自动化,【开场白 - 30秒】\n大家好，今天来聊一个很实用的话题：内容。\n看完这期视频，你会学到3个核心技巧。\n\n【正文 - 3-5分钟】\n\n【第1点】\n以某美妆品牌为例，使用AI内容矩阵后，月度内容产出从200条提升到2000条，运营团队从5人缩减到2人，获客成本降低了65%\n\n【第2点】\n数据显示，抖音日活用户突破8亿，小红书月活超过3亿，B站月活达到2.5亿\n\n【第3点】\n未来，内容矩阵将成为每个新媒体团队的标配工具，就像今天的剪映和Canva一样普及\n\n\n【实操演示 - 2分钟】\n接下来我实际操作给大家看...\n（此处插入屏幕录制）\n\n【总结 - 30秒】\n今天分享了3个要点，最重要的是第1点。\n如果觉得有帮助，一键三连支持一下！\n\n【结尾】\n我是XX，专注内容分享。\n关注我，下期更精彩！,"内容, 内容矩, 内容矩阵, 品牌, 数据, 教程, 干货, 效率",5-8分钟,封面建议：大字标题+数据对比，缩略图要有冲击力
11,B站,知识视频,如何用内容实现自动化,【开场白 - 30秒】\n大家好，今天来聊一个很实用的话题：内容。\n看完这期视频，你会学到3个核心技巧。\n\n【正文 - 3-5分钟】\n\n【第1点】\nAI内容矩阵工具的出现，彻底改变了这一局面\n\n【第2点】\n然而，大多数品牌面临一个共同的痛点：内容生产效率太低\n\n【第3点】\n2026年，短视频已经成为品牌营销的主战场\n\n\n【实操演示 - 2分钟】\n接下来我实际操作给大家看...\n（此处插入屏幕录制）\n\n【总结 - 30秒】\n今天分享了3个要点，最重要的是第1点。\n如果觉得有帮助，一键三连支持一下！\n\n【结尾】\n我是XX，专注内容分享。\n关注我，下期更精彩！,"内容, 内容矩, 内容矩阵, 品牌, 数据, 教程, 干货, 效率",5-8分钟,封面建议：大字标题+数据对比，缩略图要有冲击力
12,公众号,深度长文,手动 vs 内容：效率差了100倍,# 手动 vs 内容：效率差了100倍\n\n> 以某美妆品牌为例，使用AI内容矩阵后，月度内容产出从200条提升到2000条，运营团队从5人缩减到2...\n\n---\n\n## 前言\n\n你是否也遇到过这样的问题？每天花大量时间在重复性工作上，效率低下，还容易出错。\n\n今天分享6个实用技巧，帮你彻底解决这个问题。\n\n---\n\n## 核心要点\n\n**1. 以某美妆品牌为例，使用AI内容矩阵后，月**\n\n以某美妆品牌为例，使用AI内容矩阵后，月度内容产出从200条提升到2000条，运营团队从5人缩减到2人，获客成本降低了65%\n\n**2. 数据显示，抖音日活用户突破8亿，小红书月**\n\n数据显示，抖音日活用户突破8亿，小红书月活超过3亿，B站月活达到2.5亿\n\n**3. 未来，内容矩阵将成为每个新媒体团队的标配**\n\n未来，内容矩阵将成为每个新媒体团队的标配工具，就像今天的剪映和Canva一样普及\n\n**4. AI内容矩阵工具的出现，彻底改变了这一局**\n\nAI内容矩阵工具的出现，彻底改变了这一局面\n\n**5. 然而，大多数品牌面临一个共同的痛点：内容**\n\n然而，大多数品牌面临一个共同的痛点：内容生产效率太低\n\n**6. 2026年，短视频已经成为品牌营销的主战**\n\n2026年，短视频已经成为品牌营销的主战场\n\n\n## 📊 数据说话\n\n> 2026年，短视频已经成为品牌营销的主战场\n\n> 数据显示，抖音日活用户突破8亿，小红书月活超过3亿，B站月活达到2.5亿\n\n> 一个5人的新媒体团队，每天最多产出10条内容，远远无法满足多平台分发的需求\n\n\n---\n\n## 总结\n\n以上就是今天分享的全部内容。如果觉得有帮助，欢迎**转发**给需要的朋友。\n\n**关注公众号**，回复「内容」获取完整资料包。\n\n---\n\n*本文由AI内容矩阵工具辅助生成*\n*#内容 | #内容矩 | #内容矩阵 | #品牌*,"内容, 内容矩, 内容矩阵, 品牌, 数据",,排版建议：使用135编辑器/秀米，添加分割线和引用框
13,公众号,短推文/次条,【干货】内容提升指南,📌 以某美妆品牌为例，使用AI内容矩阵后，月度内容产出从200条提升到2000条，运营团队从5人缩减到2人，获客成本降低了65%\n\n💡 数据显示，抖音日活用户突破8亿，小红书月活超过3亿，B站月活达到2.5亿\n\n🔥 未来，内容矩阵将成为每个新媒体团队的标配工具，就像今天的剪映和Canva一样普及\n\n👉 完整版请看今天的推文～\n\n#内容 #内容矩 #内容矩阵 ,"内容, 内容矩, 内容矩阵",,适合作为次条推送，引导阅读主文
14,知乎,专业回答,如何评价内容？有哪些实用技巧？,谢邀。\n\n这个问题我来回答一下，正好最近在研究内容。\n\n先说结论：**掌握正确的方法，效率可以提升10倍以上。**\n\n下面展开说：\n\n**1. 以某美妆品牌为例，使用AI内容矩阵后，月度内容产出从200条**\n\n以某美妆品牌为例，使用AI内容矩阵后，月度内容产出从200条提升到2000条，运营团队从5人缩减到2人，获客成本降低了65%\n\n**2. 数据显示，抖音日活用户突破8亿，小红书月活超过3亿，B站月活**\n\n数据显示，抖音日活用户突破8亿，小红书月活超过3亿，B站月活达到2.5亿\n\n**3. 未来，内容矩阵将成为每个新媒体团队的标配工具，就像今天的剪映**\n\n未来，内容矩阵将成为每个新媒体团队的标配工具，就像今天的剪映和Canva一样普及\n\n**4. AI内容矩阵工具的出现，彻底改变了这一局面**\n\nAI内容矩阵工具的出现，彻底改变了这一局面\n\n**5. 然而，大多数品牌面临一个共同的痛点：内容生产效率太低**\n\n然而，大多数品牌面临一个共同的痛点：内容生产效率太低\n\n\n---\n\n**数据参考：**\n- 2026年，短视频已经成为品牌营销的主战场\n- 数据显示，抖音日活用户突破8亿，小红书月活超过3亿，B站月活达到2.5亿\n\n---\n\n以上是我的实践经验，希望对你有帮助。\n\n如果觉得有用，点个赞同让更多人看到 👍\n\n*关注我，持续分享内容干货。*,"内容, 内容矩, 内容矩阵, 品牌, 数据",,发布建议：找相关问题回答，或自问自答。知乎重视专业度和数据支撑。
15,知乎,知乎想法,关于内容的思考,💡 今天的一个发现：\n\n以某美妆品牌为例，使用AI内容矩阵后，月度内容产出从200条提升到2000条，运营团队从5人缩减到2人，获客成本降低了65%\n\n延伸思考：数据显示，抖音日活用户突破8亿，小红书月活超过3亿，B站月活达到2.5亿...\n\n#内容 #内容矩 #内容矩阵 ,"内容, 内容矩, 内容矩阵",,想法适合碎片化观点输出，保持简短有力
16,微博,微博正文,🔥 以某美妆品牌为例，使用AI内容矩阵后，月度内容产出从200条,#内容# 🔥\n\n以某美妆品牌为例，使用AI内容矩阵后，月度内容产出从200条提升到2000条，运营团队从5人缩减到2人，获客成本降低了65%\n\n#内容# #内容矩# #内容矩阵# \n#干货分享# #效率工具#\n\n转发给需要的朋友～,"内容, 内容矩, 内容矩阵, 干货分享",,发布建议：配图+话题标签，@相关大V增加曝光
17,微博,微博正文,💡 数据显示，抖音日活用户突破8亿，小红书月活超过3亿，B站月活,#内容# 💡\n\n数据显示，抖音日活用户突破8亿，小红书月活超过3亿，B站月活达到2.5亿\n\n#内容# #内容矩# #内容矩阵# \n#干货分享# #效率工具#\n\n转发给需要的朋友～,"内容, 内容矩, 内容矩阵, 干货分享",,发布建议：配图+话题标签，@相关大V增加曝光
18,微博,微博正文,✨ 未来，内容矩阵将成为每个新媒体团队的标配工具，就像今天的剪映,#内容# ✨\n\n未来，内容矩阵将成为每个新媒体团队的标配工具，就像今天的剪映和Canva一样普及\n\n#内容# #内容矩# #内容矩阵# \n#干货分享# #效率工具#\n\n转发给需要的朋友～,"内容, 内容矩, 内容矩阵, 干货分享",,发布建议：配图+话题标签，@相关大V增加曝光
19,微博,微博长文/头条文章,【干货】内容提升完全指南,【干货】内容提升完全指南\n\n✅ 以某美妆品牌为例，使用AI内容矩阵后，月度内容产出从200条提升到2000条，运营团队从5人缩减到2人，获客成本降低了65%\n✅ 数据显示，抖音日活用户突破8亿，小红书月活超过3亿，B站月活达到2.5亿\n✅ 未来，内容矩阵将成为每个新媒体团队的标配工具，就像今天的剪映和Canva一样普及\n✅ AI内容矩阵工具的出现，彻底改变了这一局面\n✅ 然而，大多数品牌面临一个共同的痛点：内容生产效率太低\n✅ 2026年，短视频已经成为品牌营销的主战场\n\n---\n觉得有用就转发收藏吧！\n#内容# #内容矩# #内容矩阵# #品牌# ,"内容, 内容矩, 内容矩阵, 品牌",,长文适合深度内容，配合短微博引流
